-- 파이널프로젝트 4조 DB스크립트

--------------------------------------------------
--------------  기존 데이터 삭제   ------------------	
--------------------------------------------------

--접속유저의 모든테이블 및 제약조건 삭제
BEGIN
    FOR C IN (SELECT TABLE_NAME FROM USER_TABLES) LOOP
    EXECUTE IMMEDIATE ('DROP TABLE '||C.TABLE_NAME||' CASCADE CONSTRAINTS');
    END LOOP;
END;
/
--접속유저의 모든 시퀀스 삭제
BEGIN
FOR C IN (SELECT * FROM USER_SEQUENCES) LOOP
  EXECUTE IMMEDIATE 'DROP SEQUENCE '||C.SEQUENCE_NAME;
END LOOP;
END;
/
--접속유저의 모든 뷰 삭제
BEGIN
FOR C IN (SELECT * FROM USER_VIEWS) LOOP
  EXECUTE IMMEDIATE 'DROP VIEW '||C.VIEW_NAME;
END LOOP;
END;
/
--접속유저의 모든 트리거 삭제
BEGIN
FOR C IN (SELECT * FROM USER_TRIGGERS) LOOP
  EXECUTE IMMEDIATE 'DROP TRIGGER '||C.TRIGGER_NAME;
END LOOP;
END;
/

-- 계정영구삭제용 job 삭제 - 추가함 by 동규 (2024.10.15)
BEGIN
    DBMS_SCHEDULER.drop_job(
        job_name => 'DELETE_INACTIVE_MEMBERS_JOB',
        force    => TRUE  -- Use TRUE to forcefully drop the job if it's running
    );
END;
/

-- 탈퇴신청 30일 후 계정영구삭제, 안쓰는 커플코드 영구삭제. 매일 밤 12시에 실행됨 - 추가함 by 동규 (2024.10.15)
BEGIN
    DBMS_SCHEDULER.create_job (
        job_name        => 'DELETE_INACTIVE_MEMBERS_JOB',
        job_type        => 'PLSQL_BLOCK',
        job_action      => 'BEGIN
                                DELETE FROM C_MEMBER
                                WHERE status = ''N''
                                  AND modify_date <= SYSDATE - 30;

                                DELETE FROM C_COUPLE
                                WHERE couple_code IN (
                                    SELECT cc.couple_code
                                    FROM C_COUPLE cc
                                    LEFT JOIN C_MEMBER cm ON cc.couple_code = cm.couple_code
                                    WHERE cm.couple_code IS NULL
                                );
                            END;',
        start_date      => SYSTIMESTAMP,
        repeat_interval  => 'FREQ=DAILY; BYHOUR=0; BYMINUTE=0; BYSECOND=0',
        enabled         => TRUE
    );
END;
/
--------------------------------------------------
--------------       커플	     ------------------	
--------------------------------------------------
CREATE TABLE C_COUPLE(
    COUPLE_CODE VARCHAR2(15) PRIMARY KEY,
    START_DATE DATE,
    ORIGIN_NAME VARCHAR2(100),
    CHANGE_NAME VARCHAR2(100),
    SENTENCE VARCHAR2(100),
    STATUS CHAR(1) DEFAULT'Y' NOT NULL,
    CHECK(STATUS IN ('Y', 'N'))
);

COMMENT ON COLUMN C_COUPLE.COUPLE_CODE IS '커플코드';
COMMENT ON COLUMN C_COUPLE.START_DATE IS '만남시작일자';
-- 헤어진날짜는 필요없어서 삭제함 by 동규 (2024.10.18)
COMMENT ON COLUMN C_COUPLE.ORIGIN_NAME IS '배경사진원래이름(기존파일명)';
COMMENT ON COLUMN C_COUPLE.CHANGE_NAME IS '배경사진변경이름(저장경로+새파일명)';
COMMENT ON COLUMN C_COUPLE.SENTENCE IS '커플홈문장';
COMMENT ON COLUMN C_COUPLE.STATUS IS '상태(Y:교제중, N:헤어짐)';

INSERT INTO C_COUPLE VALUES('admin', NULL, NULL, NULL, NULL, 'Y');
INSERT INTO C_COUPLE VALUES('DFGDFG5623SAD12', TO_DATE('2018-07-07', 'YYYY-MM-DD'),'Eugene_Aesin.jpg', 'resources/uploadFiles/Eugene_Aesin.jpg', '"합시다, 러브. 나랑, 나랑 같이."', 'Y');
INSERT INTO C_COUPLE VALUES('A1B2C3D4E5F6G7H', NULL, NULL, NULL, NULL, 'N');


--------------------------------------------------
--------------       회원	    ------------------	
--------------------------------------------------
CREATE TABLE C_MEMBER(
    EMAIL VARCHAR2(100) PRIMARY KEY,
    USER_PWD VARCHAR2(100) NOT NULL,
    USER_NAME VARCHAR2(50) NOT NULL,
    NICKNAME VARCHAR2(100),
    GENDER VARCHAR2(1),
    PHONE VARCHAR2(16),
    ADDRESS VARCHAR2(300),
    BRITHDAY DATE,
    ENROLL_DATE DATE DEFAULT SYSDATE NOT NULL,
    MODIFY_DATE DATE DEFAULT SYSDATE NOT NULL,
    INVITE_CODE VARCHAR2(10) UNIQUE,
    COUPLE_CODE VARCHAR2(15),
    PARTNER_EMAIL VARCHAR2(100),
    ORIGIN_NAME VARCHAR2(100),
    CHANGE_NAME VARCHAR2(100),
    STATUS VARCHAR2(1) DEFAULT 'W' NOT NULL,
    FOREIGN KEY(COUPLE_CODE) REFERENCES C_COUPLE(COUPLE_CODE),
    CHECK(GENDER IN ('M', 'F')),
    CHECK(STATUS IN ('W', 'Y', 'N'))
);

COMMENT ON COLUMN C_MEMBER.EMAIL IS '이메일. 이메일로 유저구분 (별도 아이디 없음)';
COMMENT ON COLUMN C_MEMBER.USER_PWD IS '비밀번호';
COMMENT ON COLUMN C_MEMBER.USER_NAME IS '이름';
COMMENT ON COLUMN C_MEMBER.NICKNAME IS '닉네임. 본인/상대방 닉네임 수정가능';
COMMENT ON COLUMN C_MEMBER.GENDER IS '성별(M/F)';
COMMENT ON COLUMN C_MEMBER.PHONE IS '전화번호';
COMMENT ON COLUMN C_MEMBER.ADDRESS IS '주소';
COMMENT ON COLUMN C_MEMBER.BRITHDAY IS '생년월일';
COMMENT ON COLUMN C_MEMBER.ENROLL_DATE IS '회원가입날짜';
COMMENT ON COLUMN C_MEMBER.MODIFY_DATE IS '회원수정날짜';
COMMENT ON COLUMN C_MEMBER.INVITE_CODE IS '초대코드(UNIQUE. 랜덤생성코드)';
COMMENT ON COLUMN C_MEMBER.COUPLE_CODE IS '커플코드(커플게시글 조회시 사용)';
COMMENT ON COLUMN C_MEMBER.PARTNER_EMAIL IS '상대방이메일';
COMMENT ON COLUMN C_MEMBER.ORIGIN_NAME IS '프로필원본명';
COMMENT ON COLUMN C_MEMBER.CHANGE_NAME IS '프로필수정명';
COMMENT ON COLUMN C_MEMBER.STATUS IS '상태(W/Y: 커플등록전/후, 탈퇴대기:N)';


INSERT INTO C_MEMBER VALUES('admin@email.com', 'admin', '관리자', '리자', 'M', '01044858855', '서울 강서구', TO_DATE('1995-07-01', 'YYYY-MM-DD'), TO_DATE('2024-07-01', 'YYYY-MM-DD'), TO_DATE('2024-09-01', 'YYYY-MM-DD'), 'admin', 'admin', NULL, NULL, NULL, 'Y');
INSERT INTO C_MEMBER VALUES('user01@email.com', 'pass01', '유진초이', '유진', 'M', '01055556666', '서울 강서구', TO_DATE('1995-07-01', 'YYYY-MM-DD'), TO_DATE('2024-07-01', 'YYYY-MM-DD'), TO_DATE('2024-09-01', 'YYYY-MM-DD'), 'CCCCC11111', 'DFGDFG5623SAD12', 'user02@email.com', 'Eugene.jpg', 'resources/uploadFiles/Eugene.jpg', 'Y');
INSERT INTO C_MEMBER VALUES('user02@email.com', 'pass02', '고애신', '애신', 'F', '01066667777', '서울 강서구', TO_DATE('1997-01-20', 'YYYY-MM-DD'), TO_DATE('2024-07-01', 'YYYY-MM-DD'), TO_DATE('2024-09-01', 'YYYY-MM-DD'), 'DDDDD22222', 'DFGDFG5623SAD12', 'user01@email.com', 'Aesin.jpg', 'resources/uploadFiles/Aesin.jpg', 'Y');
INSERT INTO C_MEMBER VALUES('user03@email.com', 'pass03', '마동석', '동석', 'M', '01022223333', '서울 강남구 삼성동', TO_DATE('1988-07-04', 'YYYY-MM-DD'), TO_DATE('2024-07-23', 'YYYY-MM-DD'), TO_DATE('2024-09-15', 'YYYY-MM-DD'), 'A1B2C3D4E5', 'A1B2C3D4E5F6G7H', 'user04@email.com', NULL, NULL, 'N');
INSERT INTO C_MEMBER VALUES('user04@email.com', 'pass04', '장이수', '이수', 'F', '01033334444', '서울 강남구 대치동', TO_DATE('1989-05-05', 'YYYY-MM-DD'), TO_DATE('2024-07-24', 'YYYY-MM-DD'), TO_DATE('2024-09-15', 'YYYY-MM-DD'), 'F6G7H8I9J1', 'A1B2C3D4E5F6G7H', 'user03@email.com', NULL, NULL, 'N');
INSERT INTO C_MEMBER VALUES('user05@email.com', 'pass05', '차은우', '은우', 'M', '01011112222', '서울 강남구 역삼동', TO_DATE('1999-12-25', 'YYYY-MM-DD'), TO_DATE('2024-07-30', 'YYYY-MM-DD'), TO_DATE('2024-08-27', 'YYYY-MM-DD'), 'GR32A1345D', NULL, NULL, NULL, NULL, 'W');
INSERT INTO C_MEMBER VALUES('user06@email.com', 'pass06', '장원영', '원영', 'F', NULL, NULL, TO_DATE('2000-08-08', 'YYYY-MM-DD'), TO_DATE('2024-10-10', 'YYYY-MM-DD'), TO_DATE('2024-10-10', 'YYYY-MM-DD'), NULL, NULL, NULL, NULL, NULL, 'W');

--------------------------------------------------
--------------     텍스트대치 	------------------	
--------------------------------------------------
CREATE TABLE T_TEXTCONFRON(
    TEXT_NUM NUMBER PRIMARY KEY,
    EMAIL VARCHAR2(100) NOT NULL,
    TRANS_TEXT VARCHAR2(300),
    ORIGIN_TEXT VARCHAR2(300),
    FOREIGN KEY (EMAIL) REFERENCES C_MEMBER(EMAIL)
);

CREATE SEQUENCE TEXT_SQE;

--------------------------------------------------
--------------       채팅방   	------------------	
--------------------------------------------------
CREATE TABLE T_CHATROOM(
    CHTR_NUM VARCHAR2(2000) PRIMARY KEY,
    EMAIL1 VARCHAR2(100) NOT NULL,
    EMAIL2 VARCHAR2(100) NOT NULL,
    FOREIGN KEY(EMAIL1) REFERENCES C_MEMBER (EMAIL),
    FOREIGN KEY(EMAIL2) REFERENCES C_MEMBER (EMAIL)
);

--------------------------------------------------
--------------      채팅 내용	    ------------------	
--------------------------------------------------
CREATE TABLE T_CHATTING(
    CHATTING_NUM NUMBER PRIMARY KEY,
    MY_CHAT VARCHAR2(1000),
    EMAIL VARCHAR2(100) NOT NULL,
    CHAT_STATUS VARCHAR2(1) DEFAULT 'Y' NOT NULL,
    CHAT_ROOM_NO VARCHAR2(2000),
    COUPLE_CODE VARCHAR2(20) NOT NULL,
    FOREIGN KEY(EMAIL) REFERENCES C_MEMBER(EMAIL),
    FOREIGN KEY(CHAT_ROOM_NO) REFERENCES T_CHATROOM(CHTR_NUM),
    FOREIGN KEY(COUPLE_CODE) REFERENCES C_COUPLE(COUPLE_CODE)
);

CREATE SEQUENCE CHAT_SQE;

--------------------------------------------------
--------------     캘린더    ------------------	
--------------------------------------------------
CREATE TABLE P_CALENDAR(
    CALENDAR_NO NUMBER PRIMARY KEY,
    COUPLE_CODE VARCHAR2(15) NOT NULL,
    OWNER VARCHAR2(100) NOT NULL,
    DEFAULT_COLOR VARCHAR2(20) NOT NULL,
    STATUS CHAR(1) DEFAULT 'Y' NOT NULL,
    FOREIGN KEY(COUPLE_CODE) REFERENCES C_COUPLE(COUPLE_CODE) ON DELETE CASCADE,
    CHECK(STATUS IN ('Y', 'N'))
);

COMMENT ON COLUMN P_CALENDAR.CALENDAR_NO IS '캘린더번호';
COMMENT ON COLUMN P_CALENDAR.COUPLE_CODE IS '커플코드';
COMMENT ON COLUMN P_CALENDAR.OWNER IS '소유자(BOTH: 커플둘다, 이메일: 커플중한명)';
COMMENT ON COLUMN P_CALENDAR.DEFAULT_COLOR IS '기본색상';
COMMENT ON COLUMN P_CALENDAR.STATUS IS '상태(삭제전:Y, 삭제후:N)';

CREATE SEQUENCE SEQ_CALENDAR_NO
NOCACHE;

INSERT INTO P_CALENDAR VALUES(SEQ_CALENDAR_NO.NEXTVAL, 'DFGDFG5623SAD12', 'BOTH', 'rgb(236, 154, 236)', 'Y'); -- 우리일정 : 핑크
INSERT INTO P_CALENDAR VALUES(SEQ_CALENDAR_NO.NEXTVAL, 'DFGDFG5623SAD12', 'user01@email.com', '#3788d8', 'Y'); -- 내일정 : 파랑
INSERT INTO P_CALENDAR VALUES(SEQ_CALENDAR_NO.NEXTVAL, 'DFGDFG5623SAD12', 'user02@email.com', 'rgb(253, 204, 113)', 'Y'); -- 상대방일정 : 노랑


--------------------------------------------------
--------------     일정    ------------------	
--------------------------------------------------
CREATE TABLE P_SCHEDULE(
    SCHEDULE_NO NUMBER PRIMARY KEY,
    CALENDAR_NO NUMBER NOT NULL,
    TITLE VARCHAR2(100) NOT NULL,
    CONTENT VARCHAR2(500),
    START_DATE DATE NOT NULL,
    START_TIME DATE,
    END_DATE DATE,
    END_TIME DATE,
    CREATE_DATE DATE DEFAULT SYSDATE NOT NULL,
    ALERT_DATE DATE,
    COLOR VARCHAR2(20),
    WRITER VARCHAR2(100) NOT NULL,
    STATUS CHAR(1) DEFAULT 'Y' NOT NULL,
    FOREIGN KEY(CALENDAR_NO) REFERENCES P_CALENDAR(CALENDAR_NO),
    FOREIGN KEY(WRITER) REFERENCES C_MEMBER(EMAIL) ON DELETE CASCADE,
    CHECK(STATUS IN ('Y', 'N'))
);

COMMENT ON COLUMN P_SCHEDULE.SCHEDULE_NO IS '일정번호';
COMMENT ON COLUMN P_SCHEDULE.CALENDAR_NO IS '캘린더번호';
COMMENT ON COLUMN P_SCHEDULE.TITLE IS '제목';
COMMENT ON COLUMN P_SCHEDULE.CONTENT IS '내용';
COMMENT ON COLUMN P_SCHEDULE.START_DATE IS '시작일';
COMMENT ON COLUMN P_SCHEDULE.START_TIME IS '시작시간';
COMMENT ON COLUMN P_SCHEDULE.END_DATE IS '종료일';
COMMENT ON COLUMN P_SCHEDULE.END_TIME IS '종료시간';
COMMENT ON COLUMN P_SCHEDULE.CREATE_DATE IS '생성일';
COMMENT ON COLUMN P_SCHEDULE.ALERT_DATE IS '알림일(해당 일시에 알림문자 전송)';
COMMENT ON COLUMN P_SCHEDULE.COLOR IS '색상(값 없으면 캘린더 기본색상사용)';
COMMENT ON COLUMN P_SCHEDULE.WRITER IS '작성자이메일';
COMMENT ON COLUMN P_SCHEDULE.STATUS IS '상태(삭제전:Y, 삭제후:N)';

CREATE SEQUENCE SEQ_SCHEDULE_NO
NOCACHE;

INSERT 
  INTO P_SCHEDULE
VALUES
     (
       SEQ_SCHEDULE_NO.NEXTVAL
     , 1
     , '당일치기 여행'
     , '어디로 갈진 정해야함!!'
     , TO_DATE('2024-10-09', 'YYYY-MM-DD')
     , NULL
     , NULL
     , NULL
     , TO_DATE('2024-10-01', 'YYYY-MM-DD')
     , NULL
     , NULL
     , 'user01@email.com'
     , 'Y'
     );
     
INSERT 
  INTO P_SCHEDULE
VALUES
     (
       SEQ_SCHEDULE_NO.NEXTVAL
     , 2
     , '한국어 시험'
     , NULL
     , TO_DATE('2024-10-07', 'YYYY-MM-DD')
     , TO_TIMESTAMP('09:00:00', 'HH24:MI:SS')
     , TO_DATE('2024-10-07', 'YYYY-MM-DD')
     , TO_TIMESTAMP('12:00:00', 'HH24:MI:SS')
     , TO_DATE('2024-10-01', 'YYYY-MM-DD')
     , NULL
     , NULL
     , 'user01@email.com'
     , 'Y'
     );

INSERT 
  INTO P_SCHEDULE
VALUES
     (
       SEQ_SCHEDULE_NO.NEXTVAL
     , 3
     , '제주도 가족여행'
     , NULL
     , TO_DATE('2024-10-11', 'YYYY-MM-DD')
     , NULL
     , TO_DATE('2024-10-14', 'YYYY-MM-DD')
     , NULL
     , TO_DATE('2024-10-03', 'YYYY-MM-DD')
     , NULL
     , NULL
     , 'user02@email.com'
     , 'Y'
     );


--------------------------------------------------
--------------     마인드맵    ------------------	
--------------------------------------------------
CREATE TABLE P_MINDMAP(
    MINDMAP_NO NUMBER PRIMARY KEY,
    KEY NUMBER NOT NULL,
    PARENT NUMBER,
    TEXT VARCHAR2(100),
    BRUSH VARCHAR2(20),
    DIR VARCHAR2(10),
    LOC VARCHAR2(20),
    COUPLE_CODE VARCHAR2(15) NOT NULL,
    FOREIGN KEY(COUPLE_CODE) REFERENCES C_COUPLE(COUPLE_CODE) ON DELETE CASCADE
);

COMMENT ON COLUMN P_MINDMAP.MINDMAP_NO IS '마인드맵번호';
COMMENT ON COLUMN P_MINDMAP.KEY IS '키';
COMMENT ON COLUMN P_MINDMAP.PARENT IS '부모키';
COMMENT ON COLUMN P_MINDMAP.TEXT IS '내용';
COMMENT ON COLUMN P_MINDMAP.BRUSH IS '색상';
COMMENT ON COLUMN P_MINDMAP.DIR IS '방향';
COMMENT ON COLUMN P_MINDMAP.LOC IS '위치';
COMMENT ON COLUMN P_MINDMAP.COUPLE_CODE IS '커플코드';

CREATE SEQUENCE SEQ_MINDMAP_NO
NOCACHE;

INSERT INTO P_MINDMAP VALUES(SEQ_MINDMAP_NO.NEXTVAL, 0, NULL, '커플마인드맵', NULL, NULL, '0 0', 'DFGDFG5623SAD12');
INSERT INTO P_MINDMAP VALUES(SEQ_MINDMAP_NO.NEXTVAL, 1, 0, '하고싶은것', 'skyblue', 'right', '193.078125 -136', 'DFGDFG5623SAD12');
INSERT INTO P_MINDMAP VALUES(SEQ_MINDMAP_NO.NEXTVAL, 11, 1, '번지점프', 'skyblue', 'right', '349.078125 -214', 'DFGDFG5623SAD12');
INSERT INTO P_MINDMAP VALUES(SEQ_MINDMAP_NO.NEXTVAL, 12, 1, '스카이다이빙', 'skyblue', 'right', '343.078125 -162', 'DFGDFG5623SAD12');
INSERT INTO P_MINDMAP VALUES(SEQ_MINDMAP_NO.NEXTVAL, 13, 1, '스쿠버다이빙', 'skyblue', 'right', '342.078125 -101', 'DFGDFG5623SAD12');
INSERT INTO P_MINDMAP VALUES(SEQ_MINDMAP_NO.NEXTVAL, 2, 0, '필요한것', 'darkseagreen', 'right', '175.078125 125', 'DFGDFG5623SAD12');
INSERT INTO P_MINDMAP VALUES(SEQ_MINDMAP_NO.NEXTVAL, 21, 2, '나', 'darkseagreen', 'right', '315.078125 75.5', 'DFGDFG5623SAD12');
INSERT INTO P_MINDMAP VALUES(SEQ_MINDMAP_NO.NEXTVAL, 211, 21, '면접용 정장', 'darkseagreen', 'right', '365.078125 49.5', 'DFGDFG5623SAD12');
INSERT INTO P_MINDMAP VALUES(SEQ_MINDMAP_NO.NEXTVAL, 212, 21, '수영복', 'darkseagreen', 'right', '365.078125 75.5', 'DFGDFG5623SAD12');
INSERT INTO P_MINDMAP VALUES(SEQ_MINDMAP_NO.NEXTVAL, 22, 2, '상대방', 'darkseagreen', 'right', '317.078125 195.5', 'DFGDFG5623SAD12');
INSERT INTO P_MINDMAP VALUES(SEQ_MINDMAP_NO.NEXTVAL, 3, 0, '가고싶은곳', 'palevioletred', 'left', '-145 -133.75', 'DFGDFG5623SAD12');
INSERT INTO P_MINDMAP VALUES(SEQ_MINDMAP_NO.NEXTVAL, 31, 3, '해외', 'palevioletred', 'left', '-245 -186.75', 'DFGDFG5623SAD12');
INSERT INTO P_MINDMAP VALUES(SEQ_MINDMAP_NO.NEXTVAL, 32, 3, '국내', 'palevioletred', 'left', '-258 -37.75', 'DFGDFG5623SAD12');
INSERT INTO P_MINDMAP VALUES(SEQ_MINDMAP_NO.NEXTVAL, 331, 31, '이탈리아', 'palevioletred', 'left', '-295 -212.75', 'DFGDFG5623SAD12');
INSERT INTO P_MINDMAP VALUES(SEQ_MINDMAP_NO.NEXTVAL, 332, 31, '스페인', 'palevioletred', 'left', '-295 -186.75', 'DFGDFG5623SAD12');
INSERT INTO P_MINDMAP VALUES(SEQ_MINDMAP_NO.NEXTVAL, 4, 0, '보고싶은것', 'coral', 'left', '-127 175.75', 'DFGDFG5623SAD12');
INSERT INTO P_MINDMAP VALUES(SEQ_MINDMAP_NO.NEXTVAL, 41, 4, '영화', 'coral', 'left', '-212 130.25', 'DFGDFG5623SAD12');
INSERT INTO P_MINDMAP VALUES(SEQ_MINDMAP_NO.NEXTVAL, 42, 4, '드라마', 'coral', 'left', '-212 195.25', 'DFGDFG5623SAD12');
INSERT INTO P_MINDMAP VALUES(SEQ_MINDMAP_NO.NEXTVAL, -20, 31, '프랑스', 'palevioletred', 'left', '-295 -160.75', 'DFGDFG5623SAD12');
INSERT INTO P_MINDMAP VALUES(SEQ_MINDMAP_NO.NEXTVAL, -21, 32, '제주도', 'palevioletred', 'left', '-308 -63.75', 'DFGDFG5623SAD12');
INSERT INTO P_MINDMAP VALUES(SEQ_MINDMAP_NO.NEXTVAL, -22, 32, '부산', 'palevioletred', 'left', '-308 -37.75', 'DFGDFG5623SAD12');
INSERT INTO P_MINDMAP VALUES(SEQ_MINDMAP_NO.NEXTVAL, -23, 32, '강릉', 'palevioletred', 'left', '-308 -11.75', 'DFGDFG5623SAD12');
INSERT INTO P_MINDMAP VALUES(SEQ_MINDMAP_NO.NEXTVAL, -24, 41, '버킷리스트', 'coral', 'left', '-262 117.25', 'DFGDFG5623SAD12');
INSERT INTO P_MINDMAP VALUES(SEQ_MINDMAP_NO.NEXTVAL, -25, 41, '행복을 찾아서', 'coral', 'left', '-262 143.25', 'DFGDFG5623SAD12');
INSERT INTO P_MINDMAP VALUES(SEQ_MINDMAP_NO.NEXTVAL, -27, 42, '미스터 션샤인', 'coral', 'left', '-271 169.25', 'DFGDFG5623SAD12');
INSERT INTO P_MINDMAP VALUES(SEQ_MINDMAP_NO.NEXTVAL, -28, 42, '기묘한 이야기', 'coral', 'left', '-271 195.25', 'DFGDFG5623SAD12');
INSERT INTO P_MINDMAP VALUES(SEQ_MINDMAP_NO.NEXTVAL, -29, 42, '워킹데드', 'coral', 'left', '-271 221.25', 'DFGDFG5623SAD12');
INSERT INTO P_MINDMAP VALUES(SEQ_MINDMAP_NO.NEXTVAL, -30, 4, '예능', 'coral', 'left', '-219 287.25', 'DFGDFG5623SAD12');
INSERT INTO P_MINDMAP VALUES(SEQ_MINDMAP_NO.NEXTVAL, -31, -30, '흑백요리사', 'coral', 'left', '-269 274.25', 'DFGDFG5623SAD12');
INSERT INTO P_MINDMAP VALUES(SEQ_MINDMAP_NO.NEXTVAL, -32, -30, '유퀴즈', 'coral', 'left', '-269 300.25', 'DFGDFG5623SAD12');
INSERT INTO P_MINDMAP VALUES(SEQ_MINDMAP_NO.NEXTVAL, -33, 21, '데스크탑 컴퓨터', 'darkseagreen', 'right', '365.078125 101.5', 'DFGDFG5623SAD12');
INSERT INTO P_MINDMAP VALUES(SEQ_MINDMAP_NO.NEXTVAL, -34, 22, '핸드폰 케이스', 'darkseagreen', 'right', '376.078125 169.5', 'DFGDFG5623SAD12');
INSERT INTO P_MINDMAP VALUES(SEQ_MINDMAP_NO.NEXTVAL, -35, 22, '가방', 'darkseagreen', 'right', '385.078125 207.5', 'DFGDFG5623SAD12');
INSERT INTO P_MINDMAP VALUES(SEQ_MINDMAP_NO.NEXTVAL, -36, 22, '여행용 캐리어', 'darkseagreen', 'right', '378.078125 249.5', 'DFGDFG5623SAD12');


--------------------------------------------------
--------------     할일    ------------------	
--------------------------------------------------
CREATE TABLE P_TODO(
    TODO_NO NUMBER PRIMARY KEY,
    COUPLE_CODE VARCHAR2(15) NOT NULL,
    ASSIGNED_MEMBER VARCHAR2(100),
    TODO_TITLE VARCHAR2(200) NOT NULL,
    IS_COMPLETED CHAR(1) DEFAULT 'N' NOT NULL,
    PRIORITY CHAR(1) DEFAULT 'L' NOT NULL,
    TARGET_DATE DATE,
    CREATE_DATE DATE DEFAULT SYSDATE NOT NULL,
    WRITER_EMAIL VARCHAR2(100) NOT NULL,
    ORDER_NO NUMBER NOT NULL,
    STATUS CHAR(1) DEFAULT 'Y' NOT NULL,
    FOREIGN KEY(COUPLE_CODE) REFERENCES C_COUPLE(COUPLE_CODE) ON DELETE CASCADE,
    CHECK(IS_COMPLETED IN ('Y', 'N')),
    CHECK(PRIORITY IN ('L', 'M', 'H')),
    FOREIGN KEY(WRITER_EMAIL) REFERENCES C_MEMBER(EMAIL) ON DELETE CASCADE
);

COMMENT ON COLUMN P_TODO.TODO_NO IS '할일번호';
COMMENT ON COLUMN P_TODO.COUPLE_CODE IS '커플코드';
COMMENT ON COLUMN P_TODO.ASSIGNED_MEMBER IS '담당자(ALL: 커플둘다, 이메일: 커플중한명)';
COMMENT ON COLUMN P_TODO.TODO_TITLE IS '할일제목';
COMMENT ON COLUMN P_TODO.IS_COMPLETED IS '완료여부(완료:Y, 미완료:N)';
COMMENT ON COLUMN P_TODO.PRIORITY IS '우선순위(낮음:L, 중간:M, 높음:H)';
COMMENT ON COLUMN P_TODO.TARGET_DATE IS '목표일';
COMMENT ON COLUMN P_TODO.CREATE_DATE IS '생성일';
COMMENT ON COLUMN P_TODO.WRITER_EMAIL IS '작성자이메일';
COMMENT ON COLUMN P_TODO.ORDER_NO IS '정렬순서';
COMMENT ON COLUMN P_TODO.STATUS IS '상태(삭제전:Y, 삭제후:N)';

CREATE SEQUENCE SEQ_TODO_NO
NOCACHE;

INSERT INTO P_TODO VALUES(SEQ_TODO_NO.NEXTVAL, 'DFGDFG5623SAD12', 'user01@email.com', '사격연습에 쓰일 도자기 받아오기', 'Y','L', NULL, TO_DATE('2024-09-30', 'YYYY-MM-DD'), 'user01@email.com', 1, 'Y');
INSERT INTO P_TODO VALUES(SEQ_TODO_NO.NEXTVAL, 'DFGDFG5623SAD12', 'ALL', '단풍구경', 'N','M', NULL, TO_DATE('2024-09-29', 'YYYY-MM-DD'), 'user02@email.com', 2, 'Y');
INSERT INTO P_TODO VALUES(SEQ_TODO_NO.NEXTVAL, 'DFGDFG5623SAD12', 'ALL', '할일제목3', 'Y','L', TO_DATE('2024-09-30', 'YYYY-MM-DD'), TO_DATE('2024-08-27', 'YYYY-MM-DD'), 'user01@email.com', 3, 'N');
INSERT INTO P_TODO VALUES(SEQ_TODO_NO.NEXTVAL, 'DFGDFG5623SAD12', 'user02@email.com', '할일제목4', 'N','M', NULL, TO_DATE('2024-09-30', 'YYYY-MM-DD'), 'user01@email.com', 4, 'Y');
INSERT INTO P_TODO VALUES(SEQ_TODO_NO.NEXTVAL, 'DFGDFG5623SAD12', 'user01@email.com', '할일제목5', 'N','H', NULL, TO_DATE('2024-08-30', 'YYYY-MM-DD'), 'user01@email.com', 5, 'Y');


--------------------------------------------------
--------------     버킷리스트    ------------------	
--------------------------------------------------
CREATE TABLE P_BUCKET_LIST(
    BUCKET_NO NUMBER PRIMARY KEY,
    COUPLE_CODE VARCHAR2(15) NOT NULL,
    BUCKET_TITLE VARCHAR2(100) NOT NULL,
    ORIGIN_NAME VARCHAR2(100),
    CHANGE_NAME VARCHAR2(100),
    CREATE_DATE DATE DEFAULT SYSDATE NOT NULL,
    WRITER_EMAIL VARCHAR2(100) NOT NULL,
    ORDER_NO NUMBER NOT NULL,
    COMPLETE_DATE DATE,
    STATUS CHAR(1) DEFAULT 'Y' NOT NULL,
    FOREIGN KEY(COUPLE_CODE) REFERENCES C_COUPLE(COUPLE_CODE) ON DELETE CASCADE,
    FOREIGN KEY(WRITER_EMAIL) REFERENCES C_MEMBER(EMAIL) ON DELETE CASCADE,
    CHECK(STATUS IN ('Y', 'N'))
);

COMMENT ON COLUMN P_BUCKET_LIST.BUCKET_NO IS '버킷번호';
COMMENT ON COLUMN P_BUCKET_LIST.COUPLE_CODE IS '커플코드';
COMMENT ON COLUMN P_BUCKET_LIST.BUCKET_TITLE IS '버킷제목';
COMMENT ON COLUMN P_BUCKET_LIST.ORIGIN_NAME IS '사진원래이름(기존파일명)';
COMMENT ON COLUMN P_BUCKET_LIST.CHANGE_NAME IS '사진변경이름(저장경로+새파일명)';
COMMENT ON COLUMN P_BUCKET_LIST.CREATE_DATE IS '생성일';
COMMENT ON COLUMN P_BUCKET_LIST.WRITER_EMAIL IS '작성자이메일';
COMMENT ON COLUMN P_BUCKET_LIST.ORDER_NO IS '정렬순서';
COMMENT ON COLUMN P_BUCKET_LIST.COMPLETE_DATE IS '완료일';
COMMENT ON COLUMN P_BUCKET_LIST.STATUS IS '상태(삭제전:Y, 삭제후:N)';

CREATE SEQUENCE SEQ_BUCKET_LIST_NO
NOCACHE;

INSERT INTO P_BUCKET_LIST VALUES(SEQ_BUCKET_LIST_NO.NEXTVAL, 'DFGDFG5623SAD12', '몽골 별 보러가기', NULL, NULL, TO_DATE('2024-08-20', 'YYYY-MM-DD'), 'user01@email.com', 1, TO_DATE('2024-09-20', 'YYYY-MM-DD'), 'Y');
INSERT INTO P_BUCKET_LIST VALUES(SEQ_BUCKET_LIST_NO.NEXTVAL, 'DFGDFG5623SAD12', '그랜드캐니언 가보기', NULL, NULL, TO_DATE('2024-08-21', 'YYYY-MM-DD'), 'user02@email.com', 2, NULL, 'Y');
INSERT INTO P_BUCKET_LIST VALUES(SEQ_BUCKET_LIST_NO.NEXTVAL, 'DFGDFG5623SAD12', '나이아가라 폭포 가보기', NULL, NULL, TO_DATE('2024-08-22', 'YYYY-MM-DD'), 'user02@email.com', 3, NULL, 'Y');
INSERT INTO P_BUCKET_LIST VALUES(SEQ_BUCKET_LIST_NO.NEXTVAL, 'DFGDFG5623SAD12', '모헤어 절벽 가보기', NULL, NULL, TO_DATE('2024-08-23', 'YYYY-MM-DD'), 'user02@email.com', 4, NULL, 'Y');
INSERT INTO P_BUCKET_LIST VALUES(SEQ_BUCKET_LIST_NO.NEXTVAL, 'DFGDFG5623SAD12', '스카이다이빙', NULL, NULL, TO_DATE('2024-08-24', 'YYYY-MM-DD'), 'user02@email.com', 4, NULL, 'N');


--------------------------------------------------
--------------     버킷리스트_소감    ------------------	
--------------------------------------------------
CREATE TABLE P_BUCKET_REVIEW(
    REVIEW_NO NUMBER PRIMARY KEY,
    BUCKET_NO NUMBER NOT NULL,
    WRITER_EMAIL VARCHAR2(100) NOT NULL,
    REVIEW_TEXT VARCHAR2(300) NOT NULL,
    CREATE_DATE DATE DEFAULT SYSDATE NOT NULL,
    FOREIGN KEY(BUCKET_NO) REFERENCES P_BUCKET_LIST(BUCKET_NO),
    FOREIGN KEY(WRITER_EMAIL) REFERENCES C_MEMBER(EMAIL) ON DELETE CASCADE
);

COMMENT ON COLUMN P_BUCKET_REVIEW.REVIEW_NO IS '소감번호';
COMMENT ON COLUMN P_BUCKET_REVIEW.BUCKET_NO IS '버킷번호';
COMMENT ON COLUMN P_BUCKET_REVIEW.WRITER_EMAIL IS '작성자이메일';
COMMENT ON COLUMN P_BUCKET_REVIEW.REVIEW_TEXT IS '소감';
COMMENT ON COLUMN P_BUCKET_REVIEW.CREATE_DATE IS '생성일';

CREATE SEQUENCE SEQ_BUCKET_REVIEW_NO
NOCACHE;

INSERT INTO P_BUCKET_REVIEW VALUES(SEQ_BUCKET_REVIEW_NO.NEXTVAL, 1, 'user01@email.com', '우주에 간줄. 너무 좋았다.', TO_DATE('2024-09-24', 'YYYY-MM-DD'));
INSERT INTO P_BUCKET_REVIEW VALUES(SEQ_BUCKET_REVIEW_NO.NEXTVAL, 1, 'user02@email.com', '우주에 간줄. 너무 좋았다2.', TO_DATE('2024-09-24', 'YYYY-MM-DD'));

--------------------------------------------------
--------------     연애 고사    ------------------   
--------------------------------------------------
CREATE TABLE F_TEST(
    TEST_NO NUMBER PRIMARY KEY,
    TEST_SCORE NUMBER NOT NULL,
    TEST_DATE DATE DEFAULT SYSDATE NOT NULL,
    EMAIL VARCHAR2(100) NOT NULL REFERENCES C_MEMBER (EMAIL) ON DELETE CASCADE,
    COUPLE_CODE VARCHAR2(15) NOT NULL REFERENCES C_COUPLE (COUPLE_CODE) ON DELETE CASCADE
);

COMMENT ON COLUMN F_TEST.TEST_NO IS '연애 고사 번호';
COMMENT ON COLUMN F_TEST.TEST_SCORE IS '연애 고사 점수';
COMMENT ON COLUMN F_TEST.TEST_DATE IS '연애 고사 응시일';
COMMENT ON COLUMN F_TEST.EMAIL IS '이메일';
COMMENT ON COLUMN F_TEST.COUPLE_CODE IS '커플코드';

CREATE SEQUENCE SEQ_TEST_NO
NOCACHE;

INSERT INTO F_TEST VALUES(SEQ_TEST_NO.NEXTVAL, 90, SYSDATE, 'user01@email.com', 'DFGDFG5623SAD12');


--------------------------------------------------
--------------     연애 고사 질문    ------------------   
--------------------------------------------------
CREATE TABLE F_QTEST(
    QTEST_NO NUMBER PRIMARY KEY,
    QTEST_CONTENT VARCHAR2(300) NOT NULL,
    TEST_NO NUMBER NOT NULL REFERENCES F_TEST (TEST_NO) ON DELETE CASCADE,
    EMAIL VARCHAR2(100) NOT NULL REFERENCES C_MEMBER (EMAIL) ON DELETE CASCADE,
    COUPLE_CODE VARCHAR2(15) NOT NULL REFERENCES C_COUPLE (COUPLE_CODE) ON DELETE CASCADE
);

COMMENT ON COLUMN F_QTEST.QTEST_NO IS '질문 번호';
COMMENT ON COLUMN F_QTEST.QTEST_CONTENT IS '질문 내용';
COMMENT ON COLUMN F_QTEST.TEST_NO IS '연애 고사 번호';
COMMENT ON COLUMN F_QTEST.EMAIL IS '이메일';
COMMENT ON COLUMN F_QTEST.COUPLE_CODE IS '커플코드';

CREATE SEQUENCE SEQ_QTEST_NO
NOCACHE;

INSERT INTO F_QTEST VALUES(SEQ_QTEST_NO.NEXTVAL,'처음 만난 곳을 고르시오.', 1, 'user01@email.com', 'DFGDFG5623SAD12');
INSERT INTO F_QTEST VALUES(SEQ_QTEST_NO.NEXTVAL,'첫 데이트 장소를 고르시오.', 1, 'user01@email.com', 'DFGDFG5623SAD12');
INSERT INTO F_QTEST VALUES(SEQ_QTEST_NO.NEXTVAL,'100일 날짜를 고르시오.', 1, 'user01@email.com', 'DFGDFG5623SAD12');
INSERT INTO F_QTEST VALUES(SEQ_QTEST_NO.NEXTVAL,'가장 처음 받은 선물을 고르시오.', 1, 'user01@email.com', 'DFGDFG5623SAD12');
INSERT INTO F_QTEST VALUES(SEQ_QTEST_NO.NEXTVAL,'상대방이 가장 좋아하는 애정 표현을 고르시오.', 1, 'user01@email.com', 'DFGDFG5623SAD12');
INSERT INTO F_QTEST VALUES(SEQ_QTEST_NO.NEXTVAL,'상대방이 가장 좋아하는 색을 고르시오.', 1, 'user01@email.com', 'DFGDFG5623SAD12');
INSERT INTO F_QTEST VALUES(SEQ_QTEST_NO.NEXTVAL,'상대방이 가장 좋아하는 음식을 고르시오.', 1, 'user01@email.com', 'DFGDFG5623SAD12');
INSERT INTO F_QTEST VALUES(SEQ_QTEST_NO.NEXTVAL,'상대방이 가장 자주하는 말을 서술하시오.', 1, 'user01@email.com', 'DFGDFG5623SAD12');
INSERT INTO F_QTEST VALUES(SEQ_QTEST_NO.NEXTVAL,'상대방의 첫번째 버킷리스트를 고르시오.', 1, 'user01@email.com', 'DFGDFG5623SAD12');
INSERT INTO F_QTEST VALUES(SEQ_QTEST_NO.NEXTVAL,'상대방의 혈액형을 고르시오.', 1, 'user01@email.com', 'DFGDFG5623SAD12');

--------------------------------------------------
--------------     연애 고사 보기    ------------------   
--------------------------------------------------
CREATE TABLE F_OPTION_TEST (
    OPTION_NO NUMBER PRIMARY KEY,
    OPTION_CONTENT VARCHAR2(300) NOT NULL,
    OPTION_TRUE CHAR(1) DEFAULT 'N' CHECK (OPTION_TRUE IN ('Y', 'N')) NOT NULL,
    QTEST_NO NUMBER NOT NULL REFERENCES F_QTEST (QTEST_NO) ON DELETE CASCADE,
    TEST_NO NUMBER NOT NULL REFERENCES F_TEST (TEST_NO) ON DELETE CASCADE,
    EMAIL VARCHAR2(100) NOT NULL REFERENCES C_MEMBER (EMAIL) ON DELETE CASCADE,
    COUPLE_CODE VARCHAR2(15) NOT NULL REFERENCES C_COUPLE (COUPLE_CODE) ON DELETE CASCADE
);

COMMENT ON COLUMN F_OPTION_TEST.OPTION_NO IS '보기 번호';
COMMENT ON COLUMN F_OPTION_TEST.OPTION_CONTENT IS '보기 내용';
COMMENT ON COLUMN F_OPTION_TEST.OPTION_TRUE IS '정답 여부';
COMMENT ON COLUMN F_OPTION_TEST.QTEST_NO IS '질문 번호';
COMMENT ON COLUMN F_OPTION_TEST.TEST_NO IS '연애 고사 번호';
COMMENT ON COLUMN F_OPTION_TEST.EMAIL IS '이메일';
COMMENT ON COLUMN F_OPTION_TEST.COUPLE_CODE IS '커플 코드';

CREATE SEQUENCE SEQ_OPTION_NO
NOCACHE;

INSERT INTO F_OPTION_TEST VALUES(SEQ_OPTION_NO.NEXTVAL, '불란서 제빵소', 'N', 1, 1, 'user01@email.com', 'DFGDFG5623SAD12');
INSERT INTO F_OPTION_TEST VALUES(SEQ_OPTION_NO.NEXTVAL, '글로리호텔', 'N', 1, 1, 'user01@email.com', 'DFGDFG5623SAD12');
INSERT INTO F_OPTION_TEST VALUES(SEQ_OPTION_NO.NEXTVAL, '평양시가지', 'Y', 1, 1, 'user01@email.com', 'DFGDFG5623SAD12');
INSERT INTO F_OPTION_TEST VALUES(SEQ_OPTION_NO.NEXTVAL, '조선총독부', 'N', 1, 1, 'user01@email.com', 'DFGDFG5623SAD12');

INSERT INTO F_OPTION_TEST VALUES(SEQ_OPTION_NO.NEXTVAL, '파주', 'N', 2, 1, 'user01@email.com', 'DFGDFG5623SAD12');
INSERT INTO F_OPTION_TEST VALUES(SEQ_OPTION_NO.NEXTVAL, '논산', 'Y', 2, 1, 'user01@email.com', 'DFGDFG5623SAD12');
INSERT INTO F_OPTION_TEST VALUES(SEQ_OPTION_NO.NEXTVAL, '평양', 'N', 2, 1, 'user01@email.com', 'DFGDFG5623SAD12');
INSERT INTO F_OPTION_TEST VALUES(SEQ_OPTION_NO.NEXTVAL, '부산', 'N', 2, 1, 'user01@email.com', 'DFGDFG5623SAD12');

INSERT INTO F_OPTION_TEST VALUES(SEQ_OPTION_NO.NEXTVAL, '1905-08-18', 'Y', 3, 1, 'user01@email.com', 'DFGDFG5623SAD12');
INSERT INTO F_OPTION_TEST VALUES(SEQ_OPTION_NO.NEXTVAL, '1906-08-18', 'N', 3, 1, 'user01@email.com', 'DFGDFG5623SAD12');
INSERT INTO F_OPTION_TEST VALUES(SEQ_OPTION_NO.NEXTVAL, '1905-12-15', 'N', 3, 1, 'user01@email.com', 'DFGDFG5623SAD12');
INSERT INTO F_OPTION_TEST VALUES(SEQ_OPTION_NO.NEXTVAL, '1906-02-15', 'N', 3, 1, 'user01@email.com', 'DFGDFG5623SAD12');

INSERT INTO F_OPTION_TEST VALUES(SEQ_OPTION_NO.NEXTVAL, '총', 'N', 4, 1, 'user01@email.com', 'DFGDFG5623SAD12');
INSERT INTO F_OPTION_TEST VALUES(SEQ_OPTION_NO.NEXTVAL, '칼', 'N', 4, 1, 'user01@email.com', 'DFGDFG5623SAD12');
INSERT INTO F_OPTION_TEST VALUES(SEQ_OPTION_NO.NEXTVAL, '비녀', 'N', 4, 1, 'user01@email.com', 'DFGDFG5623SAD12');
INSERT INTO F_OPTION_TEST VALUES(SEQ_OPTION_NO.NEXTVAL, '약과', 'Y', 4, 1, 'user01@email.com', 'DFGDFG5623SAD12');

INSERT INTO F_OPTION_TEST VALUES(SEQ_OPTION_NO.NEXTVAL, '러브합시다', 'Y', 5, 1, 'user01@email.com', 'DFGDFG5623SAD12');
INSERT INTO F_OPTION_TEST VALUES(SEQ_OPTION_NO.NEXTVAL, '죽여버려', 'N', 5, 1, 'user01@email.com', 'DFGDFG5623SAD12');
INSERT INTO F_OPTION_TEST VALUES(SEQ_OPTION_NO.NEXTVAL, '내 아임다', 'N', 5, 1, 'user01@email.com', 'DFGDFG5623SAD12');
INSERT INTO F_OPTION_TEST VALUES(SEQ_OPTION_NO.NEXTVAL, '도망가', 'N', 5, 1, 'user01@email.com', 'DFGDFG5623SAD12');

INSERT INTO F_OPTION_TEST VALUES(SEQ_OPTION_NO.NEXTVAL, '빨강색', 'N', 6, 1, 'user01@email.com', 'DFGDFG5623SAD12');
INSERT INTO F_OPTION_TEST VALUES(SEQ_OPTION_NO.NEXTVAL, '파란색', 'Y', 6, 1, 'user01@email.com', 'DFGDFG5623SAD12');
INSERT INTO F_OPTION_TEST VALUES(SEQ_OPTION_NO.NEXTVAL, '검정색', 'N', 6, 1, 'user01@email.com', 'DFGDFG5623SAD12');
INSERT INTO F_OPTION_TEST VALUES(SEQ_OPTION_NO.NEXTVAL, '흰색', 'N', 6, 1, 'user01@email.com', 'DFGDFG5623SAD12');

INSERT INTO F_OPTION_TEST VALUES(SEQ_OPTION_NO.NEXTVAL, '떡볶이', 'N', 7, 1, 'user01@email.com', 'DFGDFG5623SAD12');
INSERT INTO F_OPTION_TEST VALUES(SEQ_OPTION_NO.NEXTVAL, '불고기', 'N', 7, 1, 'user01@email.com', 'DFGDFG5623SAD12');
INSERT INTO F_OPTION_TEST VALUES(SEQ_OPTION_NO.NEXTVAL, '비빔밥', 'Y', 7, 1, 'user01@email.com', 'DFGDFG5623SAD12');
INSERT INTO F_OPTION_TEST VALUES(SEQ_OPTION_NO.NEXTVAL, '크루와상', 'N', 7, 1, 'user01@email.com', 'DFGDFG5623SAD12');

INSERT INTO F_OPTION_TEST VALUES(SEQ_OPTION_NO.NEXTVAL, '스쿠버다이빙', 'N', 9, 1, 'user01@email.com', 'DFGDFG5623SAD12');
INSERT INTO F_OPTION_TEST VALUES(SEQ_OPTION_NO.NEXTVAL, '불란서 제빵소 인수', 'N', 9, 1, 'user01@email.com', 'DFGDFG5623SAD12');
INSERT INTO F_OPTION_TEST VALUES(SEQ_OPTION_NO.NEXTVAL, '하루 종일 누워있기', 'N', 9, 1, 'user01@email.com', 'DFGDFG5623SAD12');
INSERT INTO F_OPTION_TEST VALUES(SEQ_OPTION_NO.NEXTVAL, '대한 독립', 'Y', 9, 1, 'user01@email.com', 'DFGDFG5623SAD12');

INSERT INTO F_OPTION_TEST VALUES(SEQ_OPTION_NO.NEXTVAL, 'A', 'N', 10, 1, 'user01@email.com', 'DFGDFG5623SAD12');
INSERT INTO F_OPTION_TEST VALUES(SEQ_OPTION_NO.NEXTVAL, 'B', 'N', 10, 1, 'user01@email.com', 'DFGDFG5623SAD12');
INSERT INTO F_OPTION_TEST VALUES(SEQ_OPTION_NO.NEXTVAL, 'AB', 'N', 10, 1, 'user01@email.com', 'DFGDFG5623SAD12');
INSERT INTO F_OPTION_TEST VALUES(SEQ_OPTION_NO.NEXTVAL, 'O', 'Y', 10, 1, 'user01@email.com', 'DFGDFG5623SAD12');

--------------------------------------------------
--------------     연애 고사 답변    ------------------   
--------------------------------------------------
CREATE TABLE F_ATEST (
    ATEST_NO NUMBER PRIMARY KEY,
    ATEST_CONTENT VARCHAR2(300) NOT NULL,
    ATEST_TRUE CHAR(1) CHECK (ATEST_TRUE IN ('Y', 'N')) NOT NULL,
    QTEST_NO NUMBER NOT NULL REFERENCES F_QTEST (QTEST_NO) ON DELETE CASCADE,
    TEST_NO NUMBER NOT NULL REFERENCES F_TEST (TEST_NO) ON DELETE CASCADE,
    EMAIL VARCHAR2(100) NOT NULL REFERENCES C_MEMBER (EMAIL) ON DELETE CASCADE,
    COUPLE_CODE VARCHAR2(15) NOT NULL REFERENCES C_COUPLE (COUPLE_CODE) ON DELETE CASCADE
);

COMMENT ON COLUMN F_ATEST.ATEST_NO IS '답변 번호';
COMMENT ON COLUMN F_ATEST.ATEST_CONTENT IS '답변 내용';
COMMENT ON COLUMN F_ATEST.ATEST_TRUE IS '정답 여부';
COMMENT ON COLUMN F_ATEST.QTEST_NO IS '질문 번호';
COMMENT ON COLUMN F_ATEST.TEST_NO IS '연애 고사 번호';
COMMENT ON COLUMN F_ATEST.EMAIL IS '이메일';
COMMENT ON COLUMN F_ATEST.COUPLE_CODE IS '커플 코드';

CREATE SEQUENCE SEQ_ATEST_NO
NOCACHE;

INSERT INTO F_ATEST VALUES(SEQ_ATEST_NO.NEXTVAL, '평양시가지', 'Y', 1, 1, 'user01@email.com', 'DFGDFG5623SAD12');
INSERT INTO F_ATEST VALUES(SEQ_ATEST_NO.NEXTVAL, '논산', 'Y', 2, 1, 'user01@email.com', 'DFGDFG5623SAD12');
INSERT INTO F_ATEST VALUES(SEQ_ATEST_NO.NEXTVAL, '1905-08-18', 'Y', 3, 1, 'user01@email.com', 'DFGDFG5623SAD12');
INSERT INTO F_ATEST VALUES(SEQ_ATEST_NO.NEXTVAL, '약과', 'Y', 4, 1, 'user01@email.com', 'DFGDFG5623SAD12');
INSERT INTO F_ATEST VALUES(SEQ_ATEST_NO.NEXTVAL, '러브합시다', 'Y', 5, 1, 'user01@email.com', 'DFGDFG5623SAD12');
INSERT INTO F_ATEST VALUES(SEQ_ATEST_NO.NEXTVAL, '파란색', 'Y', 6, 1, 'user01@email.com', 'DFGDFG5623SAD12');
INSERT INTO F_ATEST VALUES(SEQ_ATEST_NO.NEXTVAL, '비빔밥', 'Y', 7, 1, 'user01@email.com', 'DFGDFG5623SAD12');
INSERT INTO F_ATEST VALUES(SEQ_ATEST_NO.NEXTVAL, '유진', 'N', 8, 1, 'user01@email.com', 'DFGDFG5623SAD12');
INSERT INTO F_ATEST VALUES(SEQ_ATEST_NO.NEXTVAL, '대한 독립', 'Y', 9, 1, 'user01@email.com', 'DFGDFG5623SAD12');
INSERT INTO F_ATEST VALUES(SEQ_ATEST_NO.NEXTVAL, 'O', 'Y', 10, 1, 'user01@email.com', 'DFGDFG5623SAD12');


--------------------------------------------------
--------------     연애 고민 질문    ------------------   
--------------------------------------------------
CREATE TABLE F_QLOVE (
    QLOVE_NO NUMBER PRIMARY KEY,
    QLOVE_CONTENT VARCHAR2(3000) NOT NULL,
    QLOVE_DATE DATE DEFAULT SYSDATE NOT NULL,
    EMAIL VARCHAR2(100) NOT NULL REFERENCES C_MEMBER (EMAIL) ON DELETE CASCADE,
    COUPLE_CODE VARCHAR2(15) NOT NULL REFERENCES C_COUPLE (COUPLE_CODE) ON DELETE CASCADE
);

COMMENT ON COLUMN F_QLOVE.QLOVE_NO IS '연애 고민 번호';
COMMENT ON COLUMN F_QLOVE.QLOVE_CONTENT IS '연애 고민 내용';
COMMENT ON COLUMN F_QLOVE.QLOVE_DATE IS '상담 날짜';
COMMENT ON COLUMN F_QLOVE.EMAIL IS '이메일';
COMMENT ON COLUMN F_QLOVE.COUPLE_CODE IS '커플 코드';

CREATE SEQUENCE SEQ_QLOVE_NO
NOCACHE;

INSERT INTO F_QLOVE VALUES(SEQ_QLOVE_NO.NEXTVAL, '나는 영어를 못하는데 유진초이가 자꾸 영어로 말을 걸어.', SYSDATE, 'user02@email.com', 'DFGDFG5623SAD12');
INSERT INTO F_QLOVE VALUES(SEQ_QLOVE_NO.NEXTVAL, '애신이 영어를 너무 못해', SYSDATE, 'user01@email.com', 'DFGDFG5623SAD12');


--------------------------------------------------
--------------     연애 고민 답변    ------------------   
--------------------------------------------------
CREATE TABLE F_ALOVE (
    ALOVE_NO NUMBER PRIMARY KEY,
    ALOVE_CONTENT VARCHAR2(300) NOT NULL,
    QLOVE_NO NUMBER  NOT NULL REFERENCES F_QLOVE (QLOVE_NO) ON DELETE CASCADE,
    EMAIL VARCHAR2(100) NOT NULL REFERENCES C_MEMBER (EMAIL) ON DELETE CASCADE,
    COUPLE_CODE VARCHAR2(15) NOT NULL REFERENCES C_COUPLE (COUPLE_CODE) ON DELETE CASCADE
);

COMMENT ON COLUMN F_ALOVE.ALOVE_NO IS '답변 번호';
COMMENT ON COLUMN F_ALOVE.ALOVE_CONTENT IS '답변 내용';
COMMENT ON COLUMN F_ALOVE.QLOVE_NO IS '질문 번호';
COMMENT ON COLUMN F_ALOVE.EMAIL IS '이메일';
COMMENT ON COLUMN F_ALOVE.COUPLE_CODE IS '커플 코드';

CREATE SEQUENCE SEQ_ALOVE_NO
NOCACHE;

INSERT INTO F_ALOVE VALUES(SEQ_ALOVE_NO.NEXTVAL, '유진초이에게 영어를 배워보시는 건 어떨까요?', 1, 'user02@email.com', 'DFGDFG5623SAD12');
INSERT INTO F_ALOVE VALUES(SEQ_ALOVE_NO.NEXTVAL, '애신에게 영어를 자상하게 가르쳐주시는 건 어떨까요?', 2, 'user01@email.com', 'DFGDFG5623SAD12');


--------------------------------------------------
--------------     오늘의 질문    ------------------   
--------------------------------------------------
CREATE TABLE F_QTODAY (
    QTODAY_NO NUMBER PRIMARY KEY,
    QTODAY_CONTENT VARCHAR2(3000) NOT NULL,
    QTODAY_DATE DATE DEFAULT SYSDATE NOT NULL,
    COUPLE_CODE VARCHAR2(15) NOT NULL REFERENCES C_COUPLE (COUPLE_CODE) ON DELETE CASCADE
);

COMMENT ON COLUMN F_QTODAY.QTODAY_NO IS '오늘의 질문 번호';
COMMENT ON COLUMN F_QTODAY.QTODAY_CONTENT IS '오늘의 질문 내용';
COMMENT ON COLUMN F_QTODAY.QTODAY_DATE IS '오늘 날짜';
COMMENT ON COLUMN F_QTODAY.COUPLE_CODE IS '커플 코드';

CREATE SEQUENCE SEQ_QTODAY_NO
NOCACHE;

INSERT INTO F_QTODAY VALUES(SEQ_QTODAY_NO.NEXTVAL, '상대방에게 가장 감동 받았던 순간은 언제인가요?', TO_DATE('20240922', 'YYYY-MM-DD'), 'DFGDFG5623SAD12');
INSERT INTO F_QTODAY VALUES(SEQ_QTODAY_NO.NEXTVAL, '다음생에도 상대방과 연애하시겠습니까?', TO_DATE('20240923', 'YYYY-MM-DD'), 'DFGDFG5623SAD12');
INSERT INTO F_QTODAY VALUES(SEQ_QTODAY_NO.NEXTVAL, '만약 상대방이 바퀴벌레로 변한다면 어떻게 하실건가요?', TO_DATE('20240924', 'YYYY-MM-DD'), 'DFGDFG5623SAD12');
INSERT INTO F_QTODAY VALUES(SEQ_QTODAY_NO.NEXTVAL, '만약 상대방의 성별이 바뀐다면 어떻게 하실건가요?', TO_DATE('20240925', 'YYYY-MM-DD'), 'DFGDFG5623SAD12');
INSERT INTO F_QTODAY VALUES(SEQ_QTODAY_NO.NEXTVAL, '상대방이 제일 싫어하는 행동이 무엇인가요?', TO_DATE('20240926', 'YYYY-MM-DD'), 'DFGDFG5623SAD12');


--------------------------------------------------
--------------     오늘의 답변    ------------------   
--------------------------------------------------
CREATE TABLE F_ATODAY (
    ATODAY_NO NUMBER PRIMARY KEY,
    ATODAY_CONTENT VARCHAR2(3000) NOT NULL,
    ATODAY_DATE DATE DEFAULT SYSDATE NOT NULL,
    QTODAY_NO NUMBER  NOT NULL REFERENCES F_QTODAY (QTODAY_NO) ON DELETE CASCADE,
    EMAIL VARCHAR2(100) NOT NULL REFERENCES C_MEMBER (EMAIL) ON DELETE CASCADE,
    COUPLE_CODE VARCHAR2(15) NOT NULL REFERENCES C_COUPLE (COUPLE_CODE) ON DELETE CASCADE
);

COMMENT ON COLUMN F_ATODAY.ATODAY_NO IS '오늘의 답변 번호';
COMMENT ON COLUMN F_ATODAY.ATODAY_CONTENT IS '오늘의 답변 내용';
COMMENT ON COLUMN F_ATODAY.ATODAY_DATE IS '답변 등록 날짜';
COMMENT ON COLUMN F_ATODAY.QTODAY_NO IS '질문 번호';
COMMENT ON COLUMN F_ATODAY.EMAIL IS '이메일';
COMMENT ON COLUMN F_ATODAY.COUPLE_CODE IS '커플 코드';

CREATE SEQUENCE SEQ_ATODAY_NO
NOCACHE;

INSERT INTO F_ATODAY VALUES(SEQ_ATODAY_NO.NEXTVAL, '매시간 매분 매초', TO_DATE('20240922', 'YYYY-MM-DD'), 1, 'user01@email.com', 'DFGDFG5623SAD12');
INSERT INTO F_ATODAY VALUES(SEQ_ATODAY_NO.NEXTVAL, '당연합니다.', TO_DATE('20240923', 'YYYY-MM-DD'), 2, 'user01@email.com', 'DFGDFG5623SAD12');
INSERT INTO F_ATODAY VALUES(SEQ_ATODAY_NO.NEXTVAL, '데리고 살아야지요..', TO_DATE('20240924', 'YYYY-MM-DD'), 3, 'user01@email.com', 'DFGDFG5623SAD12');
INSERT INTO F_ATODAY VALUES(SEQ_ATODAY_NO.NEXTVAL, '애신이 여자라서 사랑하는 게 아닙니다. 저는 애신 그 자체를 사랑하는 겁니다. 때문에 성별이 바뀐다 해도 애신에 대한 제 사랑은 식지 않을 것입니다.', TO_DATE('20240925', 'YYYY-MM-DD'), 4, 'user01@email.com', 'DFGDFG5623SAD12');
INSERT INTO F_ATODAY VALUES(SEQ_ATODAY_NO.NEXTVAL, '총 들고 설치는 것', TO_DATE('20240926', 'YYYY-MM-DD'), 5, 'user01@email.com', 'DFGDFG5623SAD12');
INSERT INTO F_ATODAY VALUES(SEQ_ATODAY_NO.NEXTVAL, '가만히 있을 때', TO_DATE('20240922', 'YYYY-MM-DD'), 1, 'user02@email.com', 'DFGDFG5623SAD12');
INSERT INTO F_ATODAY VALUES(SEQ_ATODAY_NO.NEXTVAL, '당연하오', TO_DATE('20240923', 'YYYY-MM-DD'), 2, 'user02@email.com', 'DFGDFG5623SAD12');
INSERT INTO F_ATODAY VALUES(SEQ_ATODAY_NO.NEXTVAL, '어쩔 수 없지요.', TO_DATE('20240924', 'YYYY-MM-DD'), 3, 'user02@email.com', 'DFGDFG5623SAD12');
INSERT INTO F_ATODAY VALUES(SEQ_ATODAY_NO.NEXTVAL, '상관없습니다.', TO_DATE('20240925', 'YYYY-MM-DD'), 4, 'user02@email.com', 'DFGDFG5623SAD12');
INSERT INTO F_ATODAY VALUES(SEQ_ATODAY_NO.NEXTVAL, '내가 나서는 것을 싫어하오.', TO_DATE('20240926', 'YYYY-MM-DD'), 5, 'user02@email.com', 'DFGDFG5623SAD12');


--------------------------------------------------
--------------     금융정보    ------------------   
--------------------------------------------------
CREATE TABLE F_FINFO (
    FINFO_NO NUMBER PRIMARY KEY,
    FINFO_KIND CHAR(1) CHECK (FINFO_KIND IN ('A', 'K')) NOT NULL,
    FINFO_COMPANY VARCHAR2(90) NOT NULL,
    EMAIL VARCHAR2(100) NOT NULL REFERENCES C_MEMBER (EMAIL) ON DELETE CASCADE,
    COUPLE_CODE VARCHAR2(15) NOT NULL REFERENCES C_COUPLE (COUPLE_CODE) ON DELETE CASCADE
);

COMMENT ON COLUMN F_FINFO.FINFO_NO IS '번호';
COMMENT ON COLUMN F_FINFO.FINFO_KIND IS '종류(통장 : A / 카드 : K)';
COMMENT ON COLUMN F_FINFO.FINFO_COMPANY IS '회사명';
COMMENT ON COLUMN F_FINFO.EMAIL IS '이메일';
COMMENT ON COLUMN F_FINFO.COUPLE_CODE IS '커플 코드';

CREATE SEQUENCE SEQ_FINFO_NO
NOCACHE;

INSERT INTO F_FINFO VALUES(SEQ_FINFO_NO.NEXTVAL, 'A', '신한은행', 'user01@email.com', 'DFGDFG5623SAD12');
INSERT INTO F_FINFO VALUES(SEQ_FINFO_NO.NEXTVAL, 'K', '삼성카드', 'user02@email.com', 'DFGDFG5623SAD12');
INSERT INTO F_FINFO VALUES(SEQ_FINFO_NO.NEXTVAL, 'A', '농협은행', 'user03@email.com', 'A1B2C3D4E5F6G7H');
INSERT INTO F_FINFO VALUES(SEQ_FINFO_NO.NEXTVAL, 'K', '우리카드', 'user04@email.com', 'A1B2C3D4E5F6G7H');


--------------------------------------------------
--------------     기초 설문 질문    ------------------   
--------------------------------------------------
CREATE TABLE F_QSERVEY (
    QSERVEY_NO NUMBER PRIMARY KEY,
    QSERVEY_CONTENT VARCHAR2(3000) NOT NULL
);

COMMENT ON COLUMN F_QSERVEY.QSERVEY_NO IS '기초 설문 번호';
COMMENT ON COLUMN F_QSERVEY.QSERVEY_CONTENT IS '기초 설문 내용';

CREATE SEQUENCE SEQ_QSERVEY_NO
NOCACHE;

INSERT INTO F_QSERVEY VALUES(SEQ_QSERVEY_NO.NEXTVAL, '정식으로 교제를 시작한 날짜는 언제인가요?(YYYY-MM-DD)');
INSERT INTO F_QSERVEY VALUES(SEQ_QSERVEY_NO.NEXTVAL, '첫 만남의 장소는 어디였나요?');
INSERT INTO F_QSERVEY VALUES(SEQ_QSERVEY_NO.NEXTVAL, '처음으로 함께 본 영화는 무엇이었나요?');
INSERT INTO F_QSERVEY VALUES(SEQ_QSERVEY_NO.NEXTVAL, '첫 데이트 장소는 어디였나요?');
INSERT INTO F_QSERVEY VALUES(SEQ_QSERVEY_NO.NEXTVAL, '당신이 가장 좋아하는 음식은 무엇인가요?');
INSERT INTO F_QSERVEY VALUES(SEQ_QSERVEY_NO.NEXTVAL, '당신이 가장 좋아하는 색깔은 무엇인가요?');
INSERT INTO F_QSERVEY VALUES(SEQ_QSERVEY_NO.NEXTVAL, '당신이 가장 좋아하는 취미는 무엇인가요?');
INSERT INTO F_QSERVEY VALUES(SEQ_QSERVEY_NO.NEXTVAL, '당신이 가장 좋아하는 영화는 무엇인가요?');
INSERT INTO F_QSERVEY VALUES(SEQ_QSERVEY_NO.NEXTVAL, '당신이 가장 좋아하는 노래는 무엇인가요?');
INSERT INTO F_QSERVEY VALUES(SEQ_QSERVEY_NO.NEXTVAL, '첫 여행은 어디로 갔다오셨나요?');

INSERT INTO F_QSERVEY VALUES(SEQ_QSERVEY_NO.NEXTVAL, '당신의 생일은 언제신가요?(YYYY-MM-DD)');
INSERT INTO F_QSERVEY VALUES(SEQ_QSERVEY_NO.NEXTVAL, '당신이 가장 좋아하는 동물은 무엇인가요?');
INSERT INTO F_QSERVEY VALUES(SEQ_QSERVEY_NO.NEXTVAL, '당신이 가장 좋아하는 계절은 언제인가요?');
INSERT INTO F_QSERVEY VALUES(SEQ_QSERVEY_NO.NEXTVAL, '당신의 신발 사이즈는 몇입니까?');
INSERT INTO F_QSERVEY VALUES(SEQ_QSERVEY_NO.NEXTVAL, '당신이 가장 좋아하는 스포츠 또는 신체 활동은 무엇인가요?');
INSERT INTO F_QSERVEY VALUES(SEQ_QSERVEY_NO.NEXTVAL, '당신이 가장 좋아하는 휴식 방법은 무엇인가요?');
INSERT INTO F_QSERVEY VALUES(SEQ_QSERVEY_NO.NEXTVAL, '당신의 혈액형은 무엇인가요?');
INSERT INTO F_QSERVEY VALUES(SEQ_QSERVEY_NO.NEXTVAL, '당신의 가족 관계는 어떻게 되나요?');
INSERT INTO F_QSERVEY VALUES(SEQ_QSERVEY_NO.NEXTVAL, '당신이 가장 좋아하는 디저트는 무엇인가요?');
INSERT INTO F_QSERVEY VALUES(SEQ_QSERVEY_NO.NEXTVAL, '당신의 가장 큰 트라우마는 무엇인가요?');

INSERT INTO F_QSERVEY VALUES(SEQ_QSERVEY_NO.NEXTVAL, '당신이 꿈꾸는 휴가지는 어디인가요?');
INSERT INTO F_QSERVEY VALUES(SEQ_QSERVEY_NO.NEXTVAL, '당신이 가장 좋아하는 식당은 어디인가요?');
INSERT INTO F_QSERVEY VALUES(SEQ_QSERVEY_NO.NEXTVAL, '당신이 애인에게 가장 먼저 선물한 것은 무엇인가요?');
INSERT INTO F_QSERVEY VALUES(SEQ_QSERVEY_NO.NEXTVAL, '당신이 애인에게 가장 먼저 선물 받은 것은 무엇인가요?');
INSERT INTO F_QSERVEY VALUES(SEQ_QSERVEY_NO.NEXTVAL, '당신이 가장 싫어하는 행동은 무엇인가요?');
INSERT INTO F_QSERVEY VALUES(SEQ_QSERVEY_NO.NEXTVAL, '당신의 꿈은 무엇인가요?');
INSERT INTO F_QSERVEY VALUES(SEQ_QSERVEY_NO.NEXTVAL, '당신의 목표는 무엇인가요?');
INSERT INTO F_QSERVEY VALUES(SEQ_QSERVEY_NO.NEXTVAL, '당신이 가장 좋아하는 예능은 무엇인가요?');
INSERT INTO F_QSERVEY VALUES(SEQ_QSERVEY_NO.NEXTVAL, '당신이 가장 좋아하는 드라마는 무엇인가요?');
INSERT INTO F_QSERVEY VALUES(SEQ_QSERVEY_NO.NEXTVAL, '당신이 경험했던 모든 순간 중 가장 황당했던 때는 언제인가요?');

INSERT INTO F_QSERVEY VALUES(SEQ_QSERVEY_NO.NEXTVAL, '당신이 좋아하는 책은 무엇인가요?');
INSERT INTO F_QSERVEY VALUES(SEQ_QSERVEY_NO.NEXTVAL, '당신이 가장 하기 싫은 집안일은 무엇인가요?');
INSERT INTO F_QSERVEY VALUES(SEQ_QSERVEY_NO.NEXTVAL, '당신의 고향은 어디신가요?');
INSERT INTO F_QSERVEY VALUES(SEQ_QSERVEY_NO.NEXTVAL, '당신이 추구하는 옷 스타일은 무엇인가요?');
INSERT INTO F_QSERVEY VALUES(SEQ_QSERVEY_NO.NEXTVAL, '당신이 좋아하는 음료는 무엇인가요?');
INSERT INTO F_QSERVEY VALUES(SEQ_QSERVEY_NO.NEXTVAL, '당신은 보통 몇시에 기상하시나요?');
INSERT INTO F_QSERVEY VALUES(SEQ_QSERVEY_NO.NEXTVAL, '당신은 보통 몇시에 취침하시나요?');
INSERT INTO F_QSERVEY VALUES(SEQ_QSERVEY_NO.NEXTVAL, '지금까지 인생에서 가장 큰 성취는 무엇인가요?');
INSERT INTO F_QSERVEY VALUES(SEQ_QSERVEY_NO.NEXTVAL, '당신의 첫 직업은 무엇이었나요?');
INSERT INTO F_QSERVEY VALUES(SEQ_QSERVEY_NO.NEXTVAL, '당신이 주말을 즐기는 방법은 무엇인가요?');

INSERT INTO F_QSERVEY VALUES(SEQ_QSERVEY_NO.NEXTVAL, '인생의 첫 기억은 무엇인가요?');
INSERT INTO F_QSERVEY VALUES(SEQ_QSERVEY_NO.NEXTVAL, '만약 유명인과 식사를 할 수 있게 된다면, 누구와 함께하고 싶으신가요?');
INSERT INTO F_QSERVEY VALUES(SEQ_QSERVEY_NO.NEXTVAL, '인생에서 가장 중요한 가치는 무엇인가요?');
INSERT INTO F_QSERVEY VALUES(SEQ_QSERVEY_NO.NEXTVAL, '가장 좋아하는 음악의 장르는 무엇인가요?');
INSERT INTO F_QSERVEY VALUES(SEQ_QSERVEY_NO.NEXTVAL, '당신을 가장 잘 설명하는 세 단어는 무엇인가요?');
INSERT INTO F_QSERVEY VALUES(SEQ_QSERVEY_NO.NEXTVAL, '노력없이 한가지 기술을 습득할 수 있다면, 어떤 기술을 배우고 싶으신가요?');
INSERT INTO F_QSERVEY VALUES(SEQ_QSERVEY_NO.NEXTVAL, '이것이 없다면 당신은 살 수 없습니다. 이것은 무엇인가요?');
INSERT INTO F_QSERVEY VALUES(SEQ_QSERVEY_NO.NEXTVAL, '만약 과거로 돌아갈 수 있다면, 언제로 돌아가고 싶으신가요?');
INSERT INTO F_QSERVEY VALUES(SEQ_QSERVEY_NO.NEXTVAL, '당신의 매력 포인트는 무엇인가요?');
INSERT INTO F_QSERVEY VALUES(SEQ_QSERVEY_NO.NEXTVAL, '당신이 가장 잘 만들 수 있는 요리는 무엇인가요?');

--------------------------------------------------
--------------     기초 설문 답변    ------------------   
--------------------------------------------------
CREATE TABLE F_ASERVEY (
    ASERVEY_NO NUMBER PRIMARY KEY,
    ASERVEY_CONTENT VARCHAR2(3000) NOT NULL,
    QSERVEY_NO NOT NULL REFERENCES F_QSERVEY (QSERVEY_NO) ON DELETE CASCADE,
    EMAIL VARCHAR2(100) NOT NULL REFERENCES C_MEMBER (EMAIL) ON DELETE CASCADE,
    COUPLE_CODE VARCHAR2(15) NOT NULL REFERENCES C_COUPLE (COUPLE_CODE) ON DELETE CASCADE
);

COMMENT ON COLUMN F_ASERVEY.ASERVEY_NO IS '기초 설문 답변 번호';
COMMENT ON COLUMN F_ASERVEY.ASERVEY_CONTENT IS '기초 설문 답변 내용';
COMMENT ON COLUMN F_ASERVEY.QSERVEY_NO IS '기초 설문 번호 ';
COMMENT ON COLUMN F_ASERVEY.EMAIL IS '이메일';
COMMENT ON COLUMN F_ASERVEY.COUPLE_CODE IS '커플 코드';

CREATE SEQUENCE SEQ_ASERVEY_NO
NOCACHE;

INSERT INTO F_ASERVEY VALUES(SEQ_ASERVEY_NO.NEXTVAL, '1905-08-18', 1, 'user01@email.com', 'DFGDFG5623SAD12');
INSERT INTO F_ASERVEY VALUES(SEQ_ASERVEY_NO.NEXTVAL, '평양시가지', 2, 'user01@email.com', 'DFGDFG5623SAD12');
INSERT INTO F_ASERVEY VALUES(SEQ_ASERVEY_NO.NEXTVAL, '엘리멘탈', 3, 'user01@email.com', 'DFGDFG5623SAD12');
INSERT INTO F_ASERVEY VALUES(SEQ_ASERVEY_NO.NEXTVAL, '논산', 4, 'user01@email.com', 'DFGDFG5623SAD12');
INSERT INTO F_ASERVEY VALUES(SEQ_ASERVEY_NO.NEXTVAL, '약과', 5, 'user01@email.com', 'DFGDFG5623SAD12');
INSERT INTO F_ASERVEY VALUES(SEQ_ASERVEY_NO.NEXTVAL, '빨강', 6, 'user01@email.com', 'DFGDFG5623SAD12');
INSERT INTO F_ASERVEY VALUES(SEQ_ASERVEY_NO.NEXTVAL, '애신 영어 가르치기', 7, 'user01@email.com', 'DFGDFG5623SAD12');
INSERT INTO F_ASERVEY VALUES(SEQ_ASERVEY_NO.NEXTVAL, '타이타닉', 8, 'user01@email.com', 'DFGDFG5623SAD12');
INSERT INTO F_ASERVEY VALUES(SEQ_ASERVEY_NO.NEXTVAL, 'HYPE BOY', 9, 'user01@email.com', 'DFGDFG5623SAD12');
INSERT INTO F_ASERVEY VALUES(SEQ_ASERVEY_NO.NEXTVAL, '미국', 10, 'user01@email.com', 'DFGDFG5623SAD12');

INSERT INTO F_ASERVEY VALUES(SEQ_ASERVEY_NO.NEXTVAL, '1863-01-01', 11, 'user01@email.com', 'DFGDFG5623SAD12');
INSERT INTO F_ASERVEY VALUES(SEQ_ASERVEY_NO.NEXTVAL, '강아지', 12, 'user01@email.com', 'DFGDFG5623SAD12');
INSERT INTO F_ASERVEY VALUES(SEQ_ASERVEY_NO.NEXTVAL, '겨울', 13, 'user01@email.com', 'DFGDFG5623SAD12');
INSERT INTO F_ASERVEY VALUES(SEQ_ASERVEY_NO.NEXTVAL, '280mm', 14, 'user01@email.com', 'DFGDFG5623SAD12');
INSERT INTO F_ASERVEY VALUES(SEQ_ASERVEY_NO.NEXTVAL, '야구', 15, 'user01@email.com', 'DFGDFG5623SAD12');
INSERT INTO F_ASERVEY VALUES(SEQ_ASERVEY_NO.NEXTVAL, '애신과 누워있기', 16, 'user01@email.com', 'DFGDFG5623SAD12');
INSERT INTO F_ASERVEY VALUES(SEQ_ASERVEY_NO.NEXTVAL, 'A', 17, 'user01@email.com', 'DFGDFG5623SAD12');
INSERT INTO F_ASERVEY VALUES(SEQ_ASERVEY_NO.NEXTVAL, '양부모님', 18, 'user01@email.com', 'DFGDFG5623SAD12');
INSERT INTO F_ASERVEY VALUES(SEQ_ASERVEY_NO.NEXTVAL, '딸기 타르트', 19, 'user01@email.com', 'DFGDFG5623SAD12');
INSERT INTO F_ASERVEY VALUES(SEQ_ASERVEY_NO.NEXTVAL, '친부모님의 죽음', 20, 'user01@email.com', 'DFGDFG5623SAD12');

INSERT INTO F_ASERVEY VALUES(SEQ_ASERVEY_NO.NEXTVAL, '유진초이의 고향', 21, 'user02@email.com', 'DFGDFG5623SAD12');
INSERT INTO F_ASERVEY VALUES(SEQ_ASERVEY_NO.NEXTVAL, '불란서 제빵소', 22, 'user02@email.com', 'DFGDFG5623SAD12');
INSERT INTO F_ASERVEY VALUES(SEQ_ASERVEY_NO.NEXTVAL, '이상함', 23, 'user02@email.com', 'DFGDFG5623SAD12');
INSERT INTO F_ASERVEY VALUES(SEQ_ASERVEY_NO.NEXTVAL, '불쾌함', 24, 'user02@email.com', 'DFGDFG5623SAD12');
INSERT INTO F_ASERVEY VALUES(SEQ_ASERVEY_NO.NEXTVAL, '나 대신 누명 쓰는 것', 25, 'user02@email.com', 'DFGDFG5623SAD12');
INSERT INTO F_ASERVEY VALUES(SEQ_ASERVEY_NO.NEXTVAL, '대한 독립', 26, 'user02@email.com', 'DFGDFG5623SAD12');
INSERT INTO F_ASERVEY VALUES(SEQ_ASERVEY_NO.NEXTVAL, '대한 독립 후 유진초이와 결혼', 27, 'user02@email.com', 'DFGDFG5623SAD12');
INSERT INTO F_ASERVEY VALUES(SEQ_ASERVEY_NO.NEXTVAL, '크라임씬2', 28, 'user02@email.com', 'DFGDFG5623SAD12');
INSERT INTO F_ASERVEY VALUES(SEQ_ASERVEY_NO.NEXTVAL, '미스터 션샤인', 29, 'user02@email.com', 'DFGDFG5623SAD12');
INSERT INTO F_ASERVEY VALUES(SEQ_ASERVEY_NO.NEXTVAL, '유진초이와의 첫 만남', 30, 'user02@email.com', 'DFGDFG5623SAD12');

INSERT INTO F_ASERVEY VALUES(SEQ_ASERVEY_NO.NEXTVAL, '미스터 션샤인', 31, 'user02@email.com', 'DFGDFG5623SAD12');
INSERT INTO F_ASERVEY VALUES(SEQ_ASERVEY_NO.NEXTVAL, '빨래', 32, 'user02@email.com', 'DFGDFG5623SAD12');
INSERT INTO F_ASERVEY VALUES(SEQ_ASERVEY_NO.NEXTVAL, '대한민국', 33, 'user02@email.com', 'DFGDFG5623SAD12');
INSERT INTO F_ASERVEY VALUES(SEQ_ASERVEY_NO.NEXTVAL, '전통', 34, 'user02@email.com', 'DFGDFG5623SAD12');
INSERT INTO F_ASERVEY VALUES(SEQ_ASERVEY_NO.NEXTVAL, '식혜', 35, 'user02@email.com', 'DFGDFG5623SAD12');
INSERT INTO F_ASERVEY VALUES(SEQ_ASERVEY_NO.NEXTVAL, '7am', 36, 'user02@email.com', 'DFGDFG5623SAD12');
INSERT INTO F_ASERVEY VALUES(SEQ_ASERVEY_NO.NEXTVAL, '11pm', 37, 'user02@email.com', 'DFGDFG5623SAD12');
INSERT INTO F_ASERVEY VALUES(SEQ_ASERVEY_NO.NEXTVAL, '유진초이를 만난 것', 38, 'user02@email.com', 'DFGDFG5623SAD12');
INSERT INTO F_ASERVEY VALUES(SEQ_ASERVEY_NO.NEXTVAL, '아씨', 39, 'user02@email.com', 'DFGDFG5623SAD12');
INSERT INTO F_ASERVEY VALUES(SEQ_ASERVEY_NO.NEXTVAL, '유진초이와 도란도란 이야기 나누기', 40, 'user02@email.com', 'DFGDFG5623SAD12');

--------------------------------------------------
--------------     앨범	    ------------------	
--------------------------------------------------

CREATE TABLE A_ALBUM(
	ALBUM_NO NUMBER PRIMARY KEY,
	COUPLE_CODE VARCHAR2(40) REFERENCES C_COUPLE,
	ALBUM_TITLE VARCHAR2(100) NOT NULL,
	CREATE_DATE VARCHAR2(100) DEFAULT SYSDATE NOT NULL,
	MODIFY_DATE VARCHAR2(100) DEFAULT SYSDATE,
	STATUS VARCHAR2(10) DEFAULT 'Y'
);

CREATE SEQUENCE SEQ_ALBUM;

INSERT INTO A_ALBUM VALUES (0, 'admin', 'admin', '2024-01-01', '2024-01-01', 'Y');
INSERT INTO A_ALBUM VALUES (SEQ_ALBUM.NEXTVAL, 'A1B2C3D4E5F6G7H', '부산에서 생긴 일', '2024-05-25', '2024-05-25', 'Y');
INSERT INTO A_ALBUM VALUES (SEQ_ALBUM.NEXTVAL, 'A1B2C3D4E5F6G7H', '서울에서 생긴 일', '2024-06-05', '2024-06-05', 'Y');
INSERT INTO A_ALBUM VALUES (SEQ_ALBUM.NEXTVAL, 'A1B2C3D4E5F6G7H', '강원도에서 생긴 일', '2024-06-25', '2024-06-25', 'Y');
INSERT INTO A_ALBUM VALUES (SEQ_ALBUM.NEXTVAL, 'A1B2C3D4E5F6G7H', '부산에서 생긴 일2', '2024-07-01', '2024-07-01', 'Y');
INSERT INTO A_ALBUM VALUES (SEQ_ALBUM.NEXTVAL, 'A1B2C3D4E5F6G7H', '동네에서 놀기', '2024-07-18', '2024-07-18', 'Y');


--------------------------------------------------
--------------     사진(스토리)	    ------------------	
--------------------------------------------------
CREATE TABLE A_STORY(
	STORY_NO NUMBER PRIMARY KEY,
	COUPLE_CODE VARCHAR2(50) REFERENCES C_COUPLE,
	WRITER_EMAIL VARCHAR2(100) REFERENCES C_MEMBER,
	STORY_TITLE VARCHAR2(100) NOT NULL,
	CREATE_DATE VARCHAR2(100) DEFAULT SYSDATE NOT NULL,
	STATUS VARCHAR2(10) DEFAULT 'Y' 
);

CREATE SEQUENCE SEQ_STORY;

INSERT INTO A_STORY VALUES(0, 'admin', 'admin@email.com', 'aa', '2024-01-01', 'Y');
INSERT INTO A_STORY VALUES(SEQ_STORY.NEXTVAL, 'A1B2C3D4E5F6G7H', 'user04@email.com', '우리 처음 만난 날', '2024-05-09', 'Y');
INSERT INTO A_STORY VALUES(SEQ_STORY.NEXTVAL, 'A1B2C3D4E5F6G7H', 'user04@email.com', '우리 두번째 만난 날', '2024-05-25', 'Y');
INSERT INTO A_STORY VALUES(SEQ_STORY.NEXTVAL, 'A1B2C3D4E5F6G7H', 'user04@email.com', '우리 세번째 만난 날', '2024-05-27', 'Y');
INSERT INTO A_STORY VALUES(SEQ_STORY.NEXTVAL, 'A1B2C3D4E5F6G7H', 'user04@email.com', '우리 네번째 만난 날', '2024-06-03', 'Y');
INSERT INTO A_STORY VALUES(SEQ_STORY.NEXTVAL, 'A1B2C3D4E5F6G7H', 'user04@email.com', '우리 마지막 만난 날', '2024-07-18', 'Y');



--------------------------------------------------
--------------     파일	    ------------------	
--------------------------------------------------

CREATE TABLE A_ATTACHMENT(
	FILE_NO NUMBER PRIMARY KEY,
	ORIGIN_NAME VARCHAR2(1000),
	CHANGE_NAME VARCHAR2(3000),
	CREATE_DATE VARCHAR2(100) DEFAULT SYSDATE,
	ALBUM_NO NUMBER REFERENCES A_ALBUM,
	STORY_NO NUMBER REFERENCES A_STORY
);

CREATE SEQUENCE SEQ_ATT;

INSERT INTO A_ATTACHMENT VALUES (SEQ_ATT.NEXTVAL, '부산.jpg', 'resources/uploadFiles/albumFiles/2024052511245588994.jpg', '2024-05-25', 1,0);
INSERT INTO A_ATTACHMENT VALUES (SEQ_ATT.NEXTVAL, '부산2.jpg', 'resources/uploadFiles/albumFiles/2024052511245532412.jpg', '2024-05-25', 1,0);
INSERT INTO A_ATTACHMENT VALUES (SEQ_ATT.NEXTVAL, '부산3.jpg', 'resources/uploadFiles/albumFiles/2024052511245555321.jpg', '2024-05-25', 1,0);
INSERT INTO A_ATTACHMENT VALUES (SEQ_ATT.NEXTVAL, '서울.jpg', 'resources/uploadFiles/albumFiles/2024060523254211568.jpg', '2024-06-05', 2,0);
INSERT INTO A_ATTACHMENT VALUES (SEQ_ATT.NEXTVAL, '서울2.jpg', 'resources/uploadFiles/albumFiles/2024060523254218877.jpg', '2024-06-05', 2,0);
INSERT INTO A_ATTACHMENT VALUES (SEQ_ATT.NEXTVAL, '강원도.jpg', 'resources/uploadFiles/albumFiles/2024062520244433215.jpg', '2024-06-25', 3,0);
INSERT INTO A_ATTACHMENT VALUES (SEQ_ATT.NEXTVAL, '두번째부산.jpg', 'resources/uploadFiles/albumFiles/2024070108092555664.jpg', '2024-07-01', 4,0);
INSERT INTO A_ATTACHMENT VALUES (SEQ_ATT.NEXTVAL, '우리동네.jpg', 'resources/uploadFiles/albumFiles/20240071815184444868.jpg', '2024-07-18', 5,0);
INSERT INTO A_ATTACHMENT VALUES (SEQ_ATT.NEXTVAL, '우리동네2.jpg', 'resources/uploadFiles/albumFiles/2024071815184448648.jpg', '2024-07-18', 5,0);
INSERT INTO A_ATTACHMENT VALUES (SEQ_ATT.NEXTVAL, '부산.jpg', 'resources/uploadFiles/storyFiles/2024050912554464487.jpg', '2024-05-09', 0,1);
INSERT INTO A_ATTACHMENT VALUES (SEQ_ATT.NEXTVAL, '부산.jpg', 'resources/uploadFiles/storyFiles/2024052515445779997.jpg', '2024-05-25', 0,2);
INSERT INTO A_ATTACHMENT VALUES (SEQ_ATT.NEXTVAL, '부산.jpg', 'resources/uploadFiles/storyFiles/2024052701554468448.jpg', '2024-05-27', 0,3);
INSERT INTO A_ATTACHMENT VALUES (SEQ_ATT.NEXTVAL, '부산.jpg', 'resources/uploadFiles/storyFiles/2024060311233355481.jpg', '2024-06-03', 0,4);
INSERT INTO A_ATTACHMENT VALUES (SEQ_ATT.NEXTVAL, '부산.jpg', 'resources/uploadFiles/storyFiles/2024071801021154602.jpg', '2024-07-18', 0,5);

--------------------------------------------------
--------------     댓글	    ------------------	
--------------------------------------------------

CREATE TABLE A_REPLY(
	REPLY_NO NUMBER PRIMARY KEY,
	REF_SNO NUMBER REFERENCES A_STORY,
	REPLY_WRITER VARCHAR2(100) REFERENCES C_MEMBER(EMAIL),
	REPLY_CONTENT VARCHAR2(3000) NOT NULL,
	REPLY_LIKE NUMBER DEFAULT 0,
	CREATE_DATE VARCHAR2(100) DEFAULT SYSDATE,
	STATUS VARCHAR2(10) DEFAULT 'Y'
);

CREATE SEQUENCE SEQ_REPLY;

INSERT INTO A_REPLY VALUES (SEQ_REPLY.NEXTVAL, 1, 'user04@email.com', '부산에서 진짜 재밌었는데~', 0, '2024-05-25 16:00', 'Y');
INSERT INTO A_REPLY VALUES (SEQ_REPLY.NEXTVAL, 1, 'user03@email.com', 'ㅇㅈ~', 0, '2024-05-25 16:02', 'Y');
INSERT INTO A_REPLY VALUES (SEQ_REPLY.NEXTVAL, 2, 'user04@email.com', '서울은 역시 크다', 0, '2024-06-05 17:56', 'Y');
INSERT INTO A_REPLY VALUES (SEQ_REPLY.NEXTVAL, 4, 'user04@email.com', '부산 또 가도 재밌네', 0, '2024-07-01 22:03', 'Y');
INSERT INTO A_REPLY VALUES (SEQ_REPLY.NEXTVAL, 4, 'user04@email.com', '또 갈래? 내년에?', 0, '2024-07-01 22:05', 'Y');

--------------------------------------------------
--------------     커밋!!!	    ------------------	
--------------------------------------------------
COMMIT;
